"Year","Route","mocc","mean_se"
"2022","BIGM",0.0279523676063176,0.000484309649676282
"2022","PETE",0.0211129242898952,0.000798855619958324
"2023","CARI",0.120622068293685,0.00268833054875023
"2023","CMBM",0.121535981466131,0.000850160538715009
"2023","COBO",0.114411028156921,0.0049367672731605
"2023","DUPO",0.116274194141741,0.00460935375854594
"2023","GRAS",0.106405640726776,0.00581222989976787
"2023","GRMW",0.115844651137297,0.00469552843013279
"2023","KASW",0.115257421764661,0.00488343943733054
"2023","LASA",0.114847839956054,0.00510028626066912
"2023","LSMB",0.115432549892877,0.00497254067940599
"2023","PINW",0.115446449707396,0.0045022225922964
"2023","TBSL",0.123574879857698,0.00217735643443133
"2023","WLSE",0.108395561885444,0.00513141970393426
"2023","WLSW",0.107916892738659,0.00380252685466854
"2024","BIGM",0.128711776685888,0.00241545599969681
"2024","CARI",0.138115248803364,0.0026121938253155
"2024","CHEB",0.0995179322276453,0.00640483416640883
"2024","CMBM",0.137891339770546,0.00094746323431314
"2024","COBO",0.129470068714844,0.0054661205097267
"2024","DUPO",0.129743192420452,0.00556584908243115
"2024","GRAS",0.128901297959457,0.00557268754956456
"2024","GRMW",0.125104121195236,0.00783616188765532
"2024","KASW",0.142820969360007,0.00213053654261254
"2024","LASA",0.129273827883586,0.00553302359566002
"2024","LSMB",0.128081893261269,0.00581860034682977
"2024","PETE",0.0995394984347645,0.00427299112551232
"2024","PINW",0.129113960506107,0.00552791418209016
"2024","TBSL",0.137488925115981,0.00269198653350109
