project,point,site,point_num,date_original,date,year,state,ARU,ARU_original,geography,lat,long
CALUMET_WETLANDS,BIGM-02,BIGM,2,5/2/2022,20220502,2022,IL,SMA05948BIGM,SMA05948BIGM,Central,41.693367,-87.569207
CALUMET_WETLANDS,BIGM-02,BIGM,2,5/17/2022,20220517,2022,IL,SMA05948BIGM,SMA05948BIGM,Central,41.693367,-87.569207
CALUMET_WETLANDS,BIGM-02,BIGM,2,6/2/2022,20220602,2022,IL,SMA05948BIGM,SMA05948BIGM,Central,41.693367,-87.569207
CALUMET_WETLANDS,BIGM-03,BIGM,3,5/2/2022,20220502,2022,IL,SMA06000BIGM,SMA06000BIGM,Central,41.691793,-87.572052
CALUMET_WETLANDS,BIGM-03,BIGM,3,5/17/2022,20220517,2022,IL,SMA06000BIGM,SMA06000BIGM,Central,41.691793,-87.572052
CALUMET_WETLANDS,BIGM-03,BIGM,3,6/2/2022,20220602,2022,IL,SMA06000BIGM,SMA06000BIGM,Central,41.691793,-87.572052
CALUMET_WETLANDS,BIGM-11,BIGM,11,5/2/2022,20220502,2022,IL,SMA06001BIGM,SMA06001BIGM,Central,41.690747,-87.569029
CALUMET_WETLANDS,BIGM-11,BIGM,11,5/17/2022,20220517,2022,IL,SMA06001BIGM,SMA06001BIGM,Central,41.690747,-87.569029
CALUMET_WETLANDS,BIGM-11,BIGM,11,6/2/2022,20220602,2022,IL,SMA06001BIGM,SMA06001BIGM,Central,41.690747,-87.569029
CALUMET_WETLANDS,BIGM-12,BIGM,12,5/2/2022,20220502,2022,IL,SMA05947BIGM,SMA05947BIGM,Central,41.691329,-87.566902
CALUMET_WETLANDS,BIGM-12,BIGM,12,5/17/2022,20220517,2022,IL,SMA05947BIGM,SMA05947BIGM,Central,41.691329,-87.566902
CALUMET_WETLANDS,BIGM-12,BIGM,12,6/2/2022,20220602,2022,IL,SMA05947BIGM,SMA05947BIGM,Central,41.691329,-87.566902
CALUMET_WETLANDS,BIGM-14,BIGM,14,5/2/2022,20220502,2022,IL,SMA06173BIGM,SMA06173BIGM,Central,41.694427,-87.567445
CALUMET_WETLANDS,BIGM-14,BIGM,14,5/17/2022,20220517,2022,IL,SMA06173BIGM,SMA06173BIGM,Central,41.694427,-87.567445
CALUMET_WETLANDS,BIGM-14,BIGM,14,6/2/2022,20220602,2022,IL,SMA06173BIGM,SMA06173BIGM,Central,41.694427,-87.567445
CALUMET_WETLANDS,BIGM-02,BIGM,2,5/6/2024,20240506,2024,IL,BIGM02,SMA05948,Central,41.693367,-87.569207
CALUMET_WETLANDS,BIGM-02,BIGM,2,5/25/2024,20240525,2024,IL,BIGM02,SMA05948,Central,41.693367,-87.569207
CALUMET_WETLANDS,BIGM-02,BIGM,2,6/11/2024,20240611,2024,IL,BIGM02,SMA05948,Central,41.693367,-87.569207
CALUMET_WETLANDS,BIGM-02,BIGM,2,5/23/2024,20240523,2024,IL,BIGM02,SMA05948,Central,41.693367,-87.569207
CALUMET_WETLANDS,BIGM-03,BIGM,3,5/6/2024,20240506,2024,IL,BIGM03,SMA06000,Central,41.691793,-87.572052
CALUMET_WETLANDS,BIGM-03,BIGM,3,5/25/2024,20240525,2024,IL,BIGM03,SMA06000,Central,41.691793,-87.572052
CALUMET_WETLANDS,BIGM-03,BIGM,3,6/11/2024,20240611,2024,IL,BIGM03,SMA06000,Central,41.691793,-87.572052
CALUMET_WETLANDS,BIGM-03,BIGM,3,5/23/2024,20240523,2024,IL,BIGM03,SMA06000,Central,41.691793,-87.572052
CALUMET_WETLANDS,BIGM-11,BIGM,11,5/6/2024,20240506,2024,IL,BIGM11,SMA06001,Central,41.690747,-87.569029
CALUMET_WETLANDS,BIGM-11,BIGM,11,5/25/2024,20240525,2024,IL,BIGM11,SMA06001,Central,41.690747,-87.569029
CALUMET_WETLANDS,BIGM-11,BIGM,11,6/11/2024,20240611,2024,IL,BIGM11,SMA06001,Central,41.690747,-87.569029
CALUMET_WETLANDS,BIGM-11,BIGM,11,5/23/2024,20240523,2024,IL,BIGM11,SMA06001,Central,41.690747,-87.569029
CALUMET_WETLANDS,BIGM-12,BIGM,12,5/6/2024,20240506,2024,IL,BIGM12,SMA05947,Central,41.691329,-87.566902
CALUMET_WETLANDS,BIGM-12,BIGM,12,5/25/2024,20240525,2024,IL,BIGM12,SMA05947,Central,41.691329,-87.566902
CALUMET_WETLANDS,BIGM-12,BIGM,12,6/11/2024,20240611,2024,IL,BIGM12,SMA05947,Central,41.691329,-87.566902
CALUMET_WETLANDS,BIGM-12,BIGM,12,5/23/2024,20240523,2024,IL,BIGM12,SMA05947,Central,41.691329,-87.566902
CALUMET_WETLANDS,BIGM-14,BIGM,14,5/6/2024,20240506,2024,IL,BIGM14,SMA06173,Central,41.694427,-87.567445
CALUMET_WETLANDS,BIGM-14,BIGM,14,5/25/2024,20240525,2024,IL,BIGM14,SMA06173,Central,41.694427,-87.567445
CALUMET_WETLANDS,BIGM-14,BIGM,14,6/11/2024,20240611,2024,IL,BIGM14,SMA06173,Central,41.694427,-87.567445
CALUMET_WETLANDS,BIGM-14,BIGM,14,5/23/2024,20240523,2024,IL,BIGM14,SMA06173,Central,41.694427,-87.567445
INDIANAMARSHBIRDS,CARI-04,CARI,4,4/25/2023,20230425,2023,IN,12869-CARI,12869-CARI,South,38.32869,-87.76636
INDIANAMARSHBIRDS,CARI-04,CARI,4,5/10/2023,20230510,2023,IN,12869-CARI,12869-CARI,South,38.32869,-87.76636
INDIANAMARSHBIRDS,CARI-04,CARI,4,5/25/2023,20230525,2023,IN,12869-CARI,12869-CARI,South,38.32869,-87.76636
INDIANAMARSHBIRDS,CARI-04,CARI,4,4/23/2024,20240423,2024,IN,12869-CARI,12869-CARI,South,38.32869,-87.76636
INDIANAMARSHBIRDS,CARI-04,CARI,4,5/10/2024,20240510,2024,IN,12869-CARI,12869-CARI,South,38.32869,-87.76636
INDIANAMARSHBIRDS,CARI-04,CARI,4,5/23/2024,20240523,2024,IN,12869-CARI,12869-CARI,South,38.32869,-87.76636
INDIANAMARSHBIRDS,CMBM124,CMBM,124,4/27/2023,20230427,2023,IN,124,124,South,38.9839,-87.201
INDIANAMARSHBIRDS,CMBM124,CMBM,124,5/15/2023,20230515,2023,IN,124,124,South,38.9839,-87.201
INDIANAMARSHBIRDS,CMBM124,CMBM,124,5/26/2023,20230526,2023,IN,124,124,South,38.9839,-87.201
INDIANAMARSHBIRDS,CMBM122,CMBM,122,4/29/2023,20230429,2023,IN,122,122,South,39.0026,-87.1991
INDIANAMARSHBIRDS,CMBM122,CMBM,122,5/15/2023,20230515,2023,IN,122,122,South,39.0026,-87.1991
INDIANAMARSHBIRDS,CMBM122,CMBM,122,5/29/2023,20230529,2023,IN,122,122,South,39.0026,-87.1991
INDIANAMARSHBIRDS,CMBM126,CMBM,126,5/9/2023,20230509,2023,IN,126,126,South,38.97956,-87.18958
INDIANAMARSHBIRDS,CMBM126,CMBM,126,5/21/2023,20230521,2023,IN,126,126,South,38.97956,-87.18958
INDIANAMARSHBIRDS,CMBM126,CMBM,126,4/15/2023,20230415,2023,IN,126,126,South,38.97956,-87.18958
INDIANAMARSHBIRDS,CMBM142,CMBM,142,4/29/2023,20230429,2023,IN,142,142,South,38.9949,-87.1185
INDIANAMARSHBIRDS,CMBM142,CMBM,142,5/15/2023,20230515,2023,IN,142,142,South,38.9949,-87.1185
INDIANAMARSHBIRDS,CMBM142,CMBM,142,5/27/2023,20230527,2023,IN,142,142,South,38.9949,-87.1185
INDIANAMARSHBIRDS,CMBM146,CMBM,146,4/29/2023,20230429,2023,IN,146,146,South,39.01854,-87.12009
INDIANAMARSHBIRDS,CMBM146,CMBM,146,5/15/2023,20230515,2023,IN,146,146,South,39.01854,-87.12009
INDIANAMARSHBIRDS,CMBM146,CMBM,146,5/27/2023,20230527,2023,IN,146,146,South,39.01854,-87.12009
INDIANAMARSHBIRDS,CMBM143,CMBM,143,4/26/2023,20230426,2023,IN,143,143,South,39.0064,-87.1159
INDIANAMARSHBIRDS,CMBM143,CMBM,143,5/9/2023,20230509,2023,IN,143,143,South,39.0064,-87.1159
INDIANAMARSHBIRDS,CMBM143,CMBM,143,5/17/2023,20230517,2023,IN,143,143,South,39.0064,-87.1159
INDIANAMARSHBIRDS,CMBM144,CMBM,144,4/26/2023,20230426,2023,IN,144,144,South,39.00847,-87.11814
INDIANAMARSHBIRDS,CMBM144,CMBM,144,5/9/2023,20230509,2023,IN,144,144,South,39.00847,-87.11814
INDIANAMARSHBIRDS,CMBM144,CMBM,144,5/17/2023,20230517,2023,IN,144,144,South,39.00847,-87.11814
INDIANAMARSHBIRDS,CMBM145,CMBM,145,4/26/2023,20230426,2023,IN,145,145,South,39.01065,-87.1163
INDIANAMARSHBIRDS,CMBM145,CMBM,145,5/9/2023,20230509,2023,IN,145,145,South,39.01065,-87.1163
INDIANAMARSHBIRDS,CMBM145,CMBM,145,5/17/2023,20230517,2023,IN,145,145,South,39.01065,-87.1163
INDIANAMARSHBIRDS,CMBM124,CMBM,124,4/24/2024,20240424,2024,IN,124,124,South,38.9839,-87.201
INDIANAMARSHBIRDS,CMBM124,CMBM,124,5/10/2024,20240510,2024,IN,124,124,South,38.9839,-87.201
INDIANAMARSHBIRDS,CMBM124,CMBM,124,5/22/2024,20240522,2024,IN,124,124,South,38.9839,-87.201
INDIANAMARSHBIRDS,CMBM122,CMBM,122,5/15/2024,20240515,2024,IN,122,122,South,39.0026,-87.1991
INDIANAMARSHBIRDS,CMBM122,CMBM,122,5/31/2024,20240531,2024,IN,122,122,South,39.0026,-87.1991
INDIANAMARSHBIRDS,CMBM122,CMBM,122,4/27/2024,20240427,2024,IN,122,122,South,39.0026,-87.1991
INDIANAMARSHBIRDS,CMBM126,CMBM,126,4/20/2024,20240420,2024,IN,126,126,South,38.97956,-87.18958
INDIANAMARSHBIRDS,CMBM126,CMBM,126,5/2/2024,20240502,2024,IN,126,126,South,38.97956,-87.18958
INDIANAMARSHBIRDS,CMBM126,CMBM,126,5/28/2024,20240528,2024,IN,126,126,South,38.97956,-87.18958
INDIANAMARSHBIRDS,CMBM142,CMBM,142,4/18/2024,20240418,2024,IN,142,142,South,38.9949,-87.1185
INDIANAMARSHBIRDS,CMBM142,CMBM,142,5/4/2024,20240504,2024,IN,142,142,South,38.9949,-87.1185
INDIANAMARSHBIRDS,CMBM142,CMBM,142,5/19/2024,20240519,2024,IN,142,142,South,38.9949,-87.1185
INDIANAMARSHBIRDS,CMBM146,CMBM,146,4/18/2024,20240418,2024,IN,146,146,South,39.01854,-87.12009
INDIANAMARSHBIRDS,CMBM146,CMBM,146,5/4/2024,20240504,2024,IN,146,146,South,39.01854,-87.12009
INDIANAMARSHBIRDS,CMBM146,CMBM,146,5/19/2024,20240519,2024,IN,146,146,South,38.9949,-87.1185
INDIANAMARSHBIRDS,CMBM143,CMBM,143,4/18/2024,20240418,2024,IN,143,143,South,39.0064,-87.1159
INDIANAMARSHBIRDS,CMBM143,CMBM,143,5/9/2024,20240509,2024,IN,143,143,South,39.0064,-87.1159
INDIANAMARSHBIRDS,CMBM143,CMBM,143,5/23/2024,20240523,2024,IN,143,143,South,39.0064,-87.1159
INDIANAMARSHBIRDS,CMBM144,CMBM,144,4/18/2024,20240418,2024,IN,144,144,South,39.00847,-87.11814
INDIANAMARSHBIRDS,CMBM144,CMBM,144,5/9/2024,20240509,2024,IN,144,144,South,39.00847,-87.11814
INDIANAMARSHBIRDS,CMBM144,CMBM,144,5/23/2024,20240523,2024,IN,144,144,South,39.00847,-87.11814
INDIANAMARSHBIRDS,CMBM145,CMBM,145,4/18/2024,20240418,2024,IN,145,145,South,39.01065,-87.1163
INDIANAMARSHBIRDS,CMBM145,CMBM,145,5/9/2024,20240509,2024,IN,145,145,South,39.01065,-87.1163
INDIANAMARSHBIRDS,CMBM145,CMBM,145,5/23/2024,20240523,2024,IN,145,145,South,39.01065,-87.1163
INDIANAMARSHBIRDS,COBO-01,COBO,1,5/4/2023,20230504,2023,IN,SMA06173COBO,SMA06173COBO,Central,41.64378,-87.08664
INDIANAMARSHBIRDS,COBO-01,COBO,1,5/15/2023,20230515,2023,IN,SMA06173COBO,SMA06173COBO,Central,41.64378,-87.08664
INDIANAMARSHBIRDS,COBO-01,COBO,1,6/1/2023,20230601,2023,IN,SMA06173COBO,SMA06173COBO,Central,41.64378,-87.08664
INDIANAMARSHBIRDS,COBO-01,COBO,1,5/1/2024,20240501,2024,IN,SMA06019COBO,SMA06019COBO,Central,41.64378,-87.08664
INDIANAMARSHBIRDS,COBO-01,COBO,1,5/24/2024,20240524,2024,IN,SMA06019COBO,SMA06019COBO,Central,41.64378,-87.08664
INDIANAMARSHBIRDS,COBO-01,COBO,1,6/6/2024,20240606,2024,IN,SMA06019COBO,SMA06019COBO,Central,41.64378,-87.08664
INDIANAMARSHBIRDS,DUPO-02,DUPO,2,6/12/2023,20230612,2023,IN,SMA05948DUPO,SMA05948DUPO,Central,41.61936,-87.44268
INDIANAMARSHBIRDS,DUPO-02,DUPO,2,5/10/2023,20230510,2023,IN,SMA05948DUPO,SMA05948DUPO,Central,41.61936,-87.44268
INDIANAMARSHBIRDS,DUPO-02,DUPO,2,5/28/2023,20230528,2023,IN,SMA05948DUPO,SMA05948DUPO,Central,41.61936,-87.44268
INDIANAMARSHBIRDS,DUPO-02,DUPO,2,5/6/2024,20240506,2024,IN,SMA05948DUPO,SMA05948DUPO,Central,41.61936,-87.44268
INDIANAMARSHBIRDS,DUPO-02,DUPO,2,5/27/2024,20240527,2024,IN,SMA05948DUPO,SMA05948DUPO,Central,41.61936,-87.44268
INDIANAMARSHBIRDS,DUPO-02,DUPO,2,6/9/2024,20240609,2024,IN,SMA05948DUPO,SMA05948DUPO,Central,41.61936,-87.44268
INDIANAMARSHBIRDS,GRAS-03,GRAS,3,5/4/2023,20230504,2023,IN,SMA06018GRAS,SMA06018GRAS,Central,41.55904,-87.36114
INDIANAMARSHBIRDS,GRAS-03,GRAS,3,5/18/2023,20230518,2023,IN,SMA06018GRAS,SMA06018GRAS,Central,41.55904,-87.36114
INDIANAMARSHBIRDS,GRAS-03,GRAS,3,6/1/2023,20230601,2023,IN,SMA06018GRAS,SMA06018GRAS,Central,41.55904,-87.36114
INDIANAMARSHBIRDS,GRAS-03,GRAS,3,5/6/2024,20240506,2024,IN,SMA05956GRAS,SMA05956GRAS,Central,41.55904,-87.36114
INDIANAMARSHBIRDS,GRAS-03,GRAS,3,5/19/2024,20240519,2024,IN,SMA05956GRAS,SMA05956GRAS,Central,41.55904,-87.36114
INDIANAMARSHBIRDS,GRAS-03,GRAS,3,6/2/2024,20240602,2024,IN,SMA05956GRAS,SMA05956GRAS,Central,41.55904,-87.36114
INDIANAMARSHBIRDS,GRMW-04,GRMW,4,5/31/2023,20230531,2023,IN,SMA06001GRMW,SMA06001GRMW,Central,41.67793,-86.99395
INDIANAMARSHBIRDS,GRMW-04,GRMW,4,5/13/2023,20230513,2023,IN,SMA06001GRMW,SMA06001GRMW,Central,41.67793,-86.99395
INDIANAMARSHBIRDS,GRMW-04,GRMW,4,6/15/2023,20230615,2023,IN,SMA06001GRMW,SMA06001GRMW,Central,41.67793,-86.99395
INDIANAMARSHBIRDS,GRMW-04,GRMW,4,5/12/2024,20240512,2024,IN,SMA06024GRMW,SMA06024GRMW,Central,41.67793,-86.99395
INDIANAMARSHBIRDS,GRMW-04,GRMW,4,5/26/2024,20240526,2024,IN,SMA06024GRMW,SMA06024GRMW,Central,41.67793,-86.99395
INDIANAMARSHBIRDS,GRMW-04,GRMW,4,6/8/2024,20240608,2024,IN,SMA06024GRMW,SMA06024GRMW,Central,41.67793,-86.99395
INDIANAMARSHBIRDS,KASW-02,KASW,2,5/4/2023,20230504,2023,IN,SMA06000KASW,SMA06000KASW,Central,41.05745,-87.45252
INDIANAMARSHBIRDS,KASW-02,KASW,2,5/17/2023,20230517,2023,IN,SMA06000KASW,SMA06000KASW,Central,41.05745,-87.45252
INDIANAMARSHBIRDS,KASW-02,KASW,2,6/8/2023,20230608,2023,IN,SMA06000KASW,SMA06000KASW,Central,41.05745,-87.45252
INDIANAMARSHBIRDS,KASW-02,KASW,2,5/4/2024,20240504,2024,IN,SMA06000KSW2,SMA06000KSW2,Central,41.05745,-87.45252
INDIANAMARSHBIRDS,KASW-02,KASW,2,5/17/2024,20240517,2024,IN,SMA06000KSW2,SMA06000KSW2,Central,41.05745,-87.45252
INDIANAMARSHBIRDS,KASW-03,KASW,3,5/4/2024,20240504,2024,IN,SMA06018KSW3,SMA06018KSW3,Central,41.05745,-87.45252
INDIANAMARSHBIRDS,KASW-03,KASW,3,5/17/2024,20240517,2024,IN,SMA06018KSW3,SMA06018KSW3,Central,41.05745,-87.45252
INDIANAMARSHBIRDS,LASA-06,LASA,6,6/10/2023,20230610,2023,IN,SMA06024LASA,SMA06024LASA,Central,41.16975,-87.48059
INDIANAMARSHBIRDS,LASA-06,LASA,6,5/9/2023,20230509,2023,IN,SMA06024LASA,SMA06024LASA,Central,41.16975,-87.48059
INDIANAMARSHBIRDS,LASA-06,LASA,6,5/26/2023,20230526,2023,IN,SMA06024LASA,SMA06024LASA,Central,41.16975,-87.48059
INDIANAMARSHBIRDS,LASA-06,LASA,6,5/25/2024,20240525,2024,IN,SMA05947LASA,SMA05947LASA,Central,41.16975,-87.48059
INDIANAMARSHBIRDS,LASA-06,LASA,6,6/8/2024,20240608,2024,IN,SMA05947LASA,SMA05947LASA,Central,41.16975,-87.48059
INDIANAMARSHBIRDS,LASA-06,LASA,6,5/12/2024,20240512,2024,IN,SMA05947LASA,SMA05947LASA,Central,41.16975,-87.48059
INDIANAMARSHBIRDS,LSMB-08,LSMB,8,5/26/2023,20230526,2023,IN,SMA05947LSMB,SMA05947LSMB,Central,41.58507,-87.26081
INDIANAMARSHBIRDS,LSMB-08,LSMB,8,5/3/2023,20230503,2023,IN,SMA05947LSMB,SMA05947LSMB,Central,41.58507,-87.26081
INDIANAMARSHBIRDS,LSMB-08,LSMB,8,6/9/2023,20230609,2023,IN,SMA05947LSMB,SMA05947LSMB,Central,41.58507,-87.26081
INDIANAMARSHBIRDS,LSMB-08,LSMB,8,6/15/2024,20240615,2024,IN,SMA06001LSMB,SMA06001LSMB,Central,41.58507,-87.26081
INDIANAMARSHBIRDS,LSMB-08,LSMB,8,5/30/2024,20240530,2024,IN,SMA06001LSMB,SMA06001LSMB,Central,41.58507,-87.26081
INDIANAMARSHBIRDS,LSMB-08,LSMB,8,5/8/2024,20240508,2024,IN,SMA06001LSMB,SMA06001LSMB,Central,41.58507,-87.26081
NFWFGLMARSHBIRDS,PETE-01,PETE,1,5/19/2022,20220519,2022,WI,SMA05950_P1,SMA05950_P1,North,44.58478,-88.015346
NFWFGLMARSHBIRDS,PETE-01,PETE,1,6/8/2022,20220608,2022,WI,SMA05950_P1,SMA05950_P1,North,44.58478,-88.015346
NFWFGLMARSHBIRDS,PETE-01,PETE,1,6/28/2022,20220628,2022,WI,SMA05950_P1,SMA05950_P1,North,44.58478,-88.015346
NFWFGLMARSHBIRDS,PETE-02,PETE,2,5/19/2022,20220519,2022,WI,SMA06019_P2,SMA06019_P2,North,44.583732,-88.023138
NFWFGLMARSHBIRDS,PETE-02,PETE,2,6/8/2022,20220608,2022,WI,SMA06019_P2,SMA06019_P2,North,44.583732,-88.023138
NFWFGLMARSHBIRDS,PETE-02,PETE,2,6/28/2022,20220628,2022,WI,SMA06019_P2,SMA06019_P2,North,44.583732,-88.023138
NFWFGLMARSHBIRDS,PETE-03,PETE,3,5/19/2022,20220519,2022,WI,SMA06024_P3,SMA06024_P3,North,44.57903,-88.0265
NFWFGLMARSHBIRDS,PETE-03,PETE,3,6/8/2022,20220608,2022,WI,SMA06024_P3,SMA06024_P3,North,44.57903,-88.0265
NFWFGLMARSHBIRDS,PETE-03,PETE,3,6/28/2022,20220628,2022,WI,SMA06024_P3,SMA06024_P3,North,44.57903,-88.0265
NFWFGLMARSHBIRDS,PETE-04,PETE,4,5/19/2022,20220519,2022,WI,SMA05956_P4,SMA05956_P4,North,44.589777,-88.016146
NFWFGLMARSHBIRDS,PETE-04,PETE,4,6/8/2022,20220608,2022,WI,SMA05956_P4,SMA05956_P4,North,44.589777,-88.016146
NFWFGLMARSHBIRDS,PETE-04,PETE,4,6/28/2022,20220628,2022,WI,SMA05956_P4,SMA05956_P4,North,44.589777,-88.016146
NFWFGLMARSHBIRDS,PETE-05,PETE,5,5/19/2022,20220519,2022,WI,SMA06018_P5,SMA06018_P5,North,44.592073,-88.021089
NFWFGLMARSHBIRDS,PETE-05,PETE,5,6/8/2022,20220608,2022,WI,SMA06018_P5,SMA06018_P5,North,44.592073,-88.021089
NFWFGLMARSHBIRDS,PETE-05,PETE,5,6/28/2022,20220628,2022,WI,SMA06018_P5,SMA06018_P5,North,44.592073,-88.021089
NFWFGLMARSHBIRDS,PETE-01,PETE,1,5/16/2024,20240516,2024,WI,2MA00349-P1,SMA05950_P1,North,44.58478,-88.015346
NFWFGLMARSHBIRDS,PETE-01,PETE,1,6/4/2024,20240604,2024,WI,2MA00349-P1,SMA05950_P1,North,44.58478,-88.015346
NFWFGLMARSHBIRDS,PETE-01,PETE,1,6/18/2024,20240618,2024,WI,2MA00349-P1,SMA05950_P1,North,44.58478,-88.015346
NFWFGLMARSHBIRDS,PETE-02,PETE,2,5/16/2024,20240516,2024,WI,2MA00337,SMA06029_P2,North,44.583732,-88.023138
NFWFGLMARSHBIRDS,PETE-02,PETE,2,6/4/2024,20240604,2024,WI,2MA00337,SMA06029_P2,North,44.583732,-88.023138
NFWFGLMARSHBIRDS,PETE-02,PETE,2,6/18/2024,20240618,2024,WI,2MA00337,SMA06029_P2,North,44.583732,-88.023138
NFWFGLMARSHBIRDS,PETE-03,PETE,3,5/16/2024,20240516,2024,WI,SMA06024_P3,SMA06024_P3,North,44.57903,-88.0265
NFWFGLMARSHBIRDS,PETE-03,PETE,3,6/4/2024,20240604,2024,WI,SMA06024_P3,SMA06024_P3,North,44.57903,-88.0265
NFWFGLMARSHBIRDS,PETE-03,PETE,3,6/18/2024,20240618,2024,WI,SMA06024_P3,SMA06024_P3,North,44.57903,-88.0265
NFWFGLMARSHBIRDS,PETE-04,PETE,4,5/16/2024,20240516,2024,WI,2MA00460-P4,SMA05956_P4,North,44.589777,-88.016146
NFWFGLMARSHBIRDS,PETE-04,PETE,4,6/4/2024,20240604,2024,WI,2MA00460-P4,SMA05956_P4,North,44.589777,-88.016146
NFWFGLMARSHBIRDS,PETE-04,PETE,4,6/18/2024,20240618,2024,WI,2MA00460-P4,SMA05956_P4,North,44.589777,-88.016146
NFWFGLMARSHBIRDS,PETE-05,PETE,5,5/16/2024,20240516,2024,WI,2MA00399-P5,SMA06018_P5,North,44.592073,-88.021089
NFWFGLMARSHBIRDS,PETE-05,PETE,5,6/4/2024,20240604,2024,WI,2MA00399-P5,SMA06018_P5,North,44.592073,-88.021089
NFWFGLMARSHBIRDS,PETE-05,PETE,5,6/18/2024,20240618,2024,WI,2MA00399-P5,SMA06018_P5,North,44.592073,-88.021089
INDIANAMARSHBIRDS,PINE-02,PINW,2,5/4/2023,20230504,2023,IN,SMA05956PINW,SMA05956PINW,Central,41.61872,-87.3927
INDIANAMARSHBIRDS,PINE-02,PINW,2,5/15/2023,20230515,2023,IN,SMA05956PINW,SMA05956PINW,Central,41.61872,-87.3927
INDIANAMARSHBIRDS,PINE-02,PINW,2,6/5/2023,20230605,2023,IN,SMA05956PINW,SMA05956PINW,Central,41.61872,-87.3927
INDIANAMARSHBIRDS,PINE-02,PINW,2,5/10/2024,20240510,2024,IN,SMA06173PINW,SMA06173PINW,Central,41.61872,-87.3927
INDIANAMARSHBIRDS,PINE-02,PINW,2,5/30/2024,20240530,2024,IN,SMA06173PINW,SMA06173PINW,Central,41.61872,-87.3927
INDIANAMARSHBIRDS,PINE-02,PINW,2,6/14/2024,20240614,2024,IN,SMA06173PINW,SMA06173PINW,Central,41.61872,-87.3927
INDIANAMARSHBIRDS,TBSL-04,TBSL,4,4/24/2023,20230424,2023,IN,12868-TBSL,12868-TBSL,South,38.32589,-87.7483
INDIANAMARSHBIRDS,TBSL-04,TBSL,4,5/5/2023,20230505,2023,IN,12868-TBSL,12868-TBSL,South,38.32589,-87.7483
INDIANAMARSHBIRDS,TBSL-04,TBSL,4,5/19/2023,20230519,2023,IN,12868-TBSL,12868-TBSL,South,38.32589,-87.7483
INDIANAMARSHBIRDS,TBSL-04,TBSL,4,4/16/2024,20240416,2024,IN,12868-TBSL,12868-TBSL,South,38.32589,-87.7483
INDIANAMARSHBIRDS,TBSL-04,TBSL,4,5/2/2024,20240502,2024,IN,12868-TBSL,12868-TBSL,South,38.32589,-87.7483
INDIANAMARSHBIRDS,TBSL-04,TBSL,4,5/21/2024,20240521,2024,IN,12868-TBSL,12868-TBSL,South,38.32589,-87.7483
INDIANAMARSHBIRDS,WSLE-04,WLSE,4,5/5/2023,20230505,2023,IN,S4A12908,S4A12908,Central,40.989839,-87.496043
INDIANAMARSHBIRDS,WSLE-04,WLSE,4,5/19/2023,20230519,2023,IN,S4A12908,S4A12908,Central,40.989839,-87.496043
INDIANAMARSHBIRDS,WSLE-04,WLSE,4,6/3/2023,20230603,2023,IN,S4A12908,S4A12908,Central,40.989839,-87.496043
INDIANAMARSHBIRDS,WSLE-04,WLSE,4,5/3/2024,20240503,2024,IN,S4A12908,S4A12908,Central,40.989839,-87.496043
INDIANAMARSHBIRDS,WSLE-04,WLSE,4,6/1/2024,20240601,2024,IN,S4A12908,S4A12908,Central,40.989839,-87.496043
INDIANAMARSHBIRDS,WSLE-04,WLSE,4,5/23/2024,20240523,2024,IN,S4A12908,S4A12908,Central,40.989839,-87.496043
INDIANAMARSHBIRDS,WSLW-04,WLSW,4,5/22/2023,20230522,2023,IN,S4A13179,S4A13179,Central,40.992,-87.501718
INDIANAMARSHBIRDS,WSLW-04,WLSW,4,6/8/2023,20230608,2023,IN,S4A13179,S4A13179,Central,40.992,-87.501718
INDIANAMARSHBIRDS,WSLW-05,WLSW,5,5/22/2023,20230522,2023,IN,S4A12895,S4A12895,Central,40.992,-87.501718
INDIANAMARSHBIRDS,WSLW-05,WLSW,5,6/8/2023,20230608,2023,IN,S4A12895,S4A12895,Central,40.992,-87.501718
INDIANAMARSHBIRDS,WSLW-04,WLSW,4,6/12/2024,20240612,2024,IN,S4A13179,S4A13179,Central,40.992,-87.501718
NFWFGLMARSHBIRDS,CHEB-01,CHEB,1,6/28/2024,20240628,2024,MI,CHEBW1,CHEBW1,North,45.6562,-84.4709
NFWFGLMARSHBIRDS,CHEB-01,CHEB,1,6/5/2024,20240605,2024,MI,CHEBW1,CHEBW1,North,45.6562,-84.4709
NFWFGLMARSHBIRDS,CHEB-01,CHEB,1,5/2/2024,20240502,2024,MI,CHEBW1,CHEBW1,North,45.6562,-84.4709
NFWFGLMARSHBIRDS,CHEB-02,CHEB,2,6/28/2024,20240628,2024,MI,CHEBW2,CHEBW2,North,45.65655,-84.47273333
NFWFGLMARSHBIRDS,CHEB-02,CHEB,2,6/5/2024,20240605,2024,MI,CHEBW2,CHEBW2,North,45.65655,-84.47273333
NFWFGLMARSHBIRDS,CHEB-02,CHEB,2,5/2/2024,20240502,2024,MI,CHEBW2,CHEBW2,North,45.65655,-84.47273333
NFWFGLMARSHBIRDS,CHEB-01,CHEB,1,6/25/2023,20230625,2023,MI,CHEBW1,CHEBW1,North,45.6562,-84.4709
NFWFGLMARSHBIRDS,CHEB-01,CHEB,1,6/11/2023,20230611,2023,MI,CHEBW1,CHEBW1,North,45.6562,-84.4709
NFWFGLMARSHBIRDS,CHEB-01,CHEB,1,5/27/2023,20230527,2023,MI,CHEBW1,CHEBW1,North,45.6562,-84.4709
NFWFGLMARSHBIRDS,CHEB-02,CHEB,2,6/25/2023,20230625,2023,MI,CHEBW2,CHEBW2,North,45.65655,-84.47273333
NFWFGLMARSHBIRDS,CHEB-02,CHEB,2,6/11/2023,20230611,2023,MI,CHEBW2,CHEBW2,North,45.65655,-84.47273333
NFWFGLMARSHBIRDS,CHEB-02,CHEB,2,5/27/2023,20230527,2023,MI,CHEBW2,CHEBW2,North,45.65655,-84.47273333
NFWFGLMARSHBIRDS,,DUNC,,6/28/2024,20240628,2024,MI,,,North,,
NFWFGLMARSHBIRDS,,DUNC,,6/5/2024,20240605,2024,MI,,,North,,
NFWFGLMARSHBIRDS,,DUNC,,5/2/2024,20240502,2024,MI,,,North,,
NFWFGLMARSHBIRDS,,DUNC,,6/24/2023,20230624,2023,MI,,,North,,
NFWFGLMARSHBIRDS,,DUNC,,6/13/2023,20230613,2023,MI,,,North,,
NFWFGLMARSHBIRDS,,DUNC,,6/3/2023,20230603,2023,MI,,,North,,
