"","Site","BirdCd","historic_pc","ARU","Found_In","ARU_years_monitored","pc_years_monitored"
"1","CARI","AMBI",TRUE,FALSE,"historic only",2,8
"2","CARI","KIRA",TRUE,FALSE,"historic only",2,8
"3","CARI","MAWR",TRUE,FALSE,"historic only",2,8
"4","CARI","VIRA",TRUE,FALSE,"historic only",2,8
"5","CHEB","BWTE",TRUE,FALSE,"historic only",1,4
"6","CHEB","COGA",TRUE,FALSE,"historic only",1,4
"7","COBO","AMCO",TRUE,FALSE,"historic only",2,8
"8","COBO","KIRA",TRUE,FALSE,"historic only",2,8
"9","COBO","LEBI",TRUE,FALSE,"historic only",2,8
"10","DUPO","AMBI",TRUE,FALSE,"historic only",2,7
"11","DUPO","BCNH",TRUE,FALSE,"historic only",2,7
"12","DUPO","LEBI",TRUE,FALSE,"historic only",2,7
"13","DUPO","YHBL",TRUE,FALSE,"historic only",2,7
"14","GRAS","AMBI",TRUE,FALSE,"historic only",2,8
"15","GRAS","BWTE",TRUE,FALSE,"historic only",2,8
"16","GRAS","LBHE",TRUE,FALSE,"historic only",2,8
"17","GRMW","AMBI",TRUE,FALSE,"historic only",2,8
"18","GRMW","AMCO",TRUE,FALSE,"historic only",2,8
"19","GRMW","BCNH",TRUE,FALSE,"historic only",2,8
"20","GRMW","BWTE",TRUE,FALSE,"historic only",2,8
"21","GRMW","KIRA",TRUE,FALSE,"historic only",2,8
"22","GRMW","LEBI",TRUE,FALSE,"historic only",2,8
"23","KASW","AMCO",TRUE,FALSE,"historic only",2,7
"24","KASW","COGA",TRUE,FALSE,"historic only",2,7
"25","KASW","KIRA",TRUE,FALSE,"historic only",2,7
"26","KASW","VIRA",TRUE,FALSE,"historic only",2,7
"27","LSMB","KIRA",TRUE,FALSE,"historic only",2,4
"28","PINW","AMBI",TRUE,FALSE,"historic only",2,6
"29","PINW","BCNH",TRUE,FALSE,"historic only",2,6
"30","PINW","BWTE",TRUE,FALSE,"historic only",2,6
"31","PINW","KIRA",TRUE,FALSE,"historic only",2,6
"32","PINW","PBGR",TRUE,FALSE,"historic only",2,6
"33","TBSL","AMCO",TRUE,FALSE,"historic only",2,8
"34","TBSL","COGA",TRUE,FALSE,"historic only",2,8
"35","TBSL","LEBI",TRUE,FALSE,"historic only",2,8
"36","WLSE","AMCO",TRUE,FALSE,"historic only",1,6
"37","WLSE","BCNH",TRUE,FALSE,"historic only",1,6
"38","WLSE","COGA",TRUE,FALSE,"historic only",1,6
"39","WLSE","PBGR",TRUE,FALSE,"historic only",1,6
"40","WLSE","SORA",TRUE,FALSE,"historic only",1,6
"41","WLSE","VIRA",TRUE,FALSE,"historic only",1,6
"42","WLSW","AMBI",TRUE,FALSE,"historic only",1,6
"43","WLSW","BWTE",TRUE,FALSE,"historic only",1,6
"44","WLSW","COGA",TRUE,FALSE,"historic only",1,6
"45","WLSW","KIRA",TRUE,FALSE,"historic only",1,6
"46","WLSW","VIRA",TRUE,FALSE,"historic only",1,6
"47","BIGM","YCNH",FALSE,TRUE,"ARU only",2,9
"48","BIGM","YHBL",FALSE,TRUE,"ARU only",2,9
"49","CARI","YCNH",FALSE,TRUE,"ARU only",2,8
"50","CHEB","BCNH",FALSE,TRUE,"ARU only",1,4
"51","CMBM","LBHE",FALSE,TRUE,"ARU only",2,8
"52","CMBM","YCNH",FALSE,TRUE,"ARU only",2,8
"53","CMBM","YHBL",FALSE,TRUE,"ARU only",2,8
"54","DUPO","BLTE",FALSE,TRUE,"ARU only",2,7
"55","GRAS","KIRA",FALSE,TRUE,"ARU only",2,8
"56","KASW","BCNH",FALSE,TRUE,"ARU only",2,7
"57","LASA","AMBI",FALSE,TRUE,"ARU only",2,4
"58","LASA","BCNH",FALSE,TRUE,"ARU only",2,4
"59","LASA","VIRA",FALSE,TRUE,"ARU only",2,4
"60","LSMB","BLTE",FALSE,TRUE,"ARU only",2,4
"61","PETE","AMBI",FALSE,TRUE,"ARU only",2,2
"62","PETE","BCNH",FALSE,TRUE,"ARU only",2,2
"63","PETE","BLTE",FALSE,TRUE,"ARU only",2,2
"64","PETE","COGA",FALSE,TRUE,"ARU only",2,2
"65","PETE","LEBI",FALSE,TRUE,"ARU only",2,2
"66","PETE","PBGR",FALSE,TRUE,"ARU only",2,2
"67","WLSE","YHBL",FALSE,TRUE,"ARU only",1,6
