"","Found_In","BirdCd","times_missed"
"1","ARU only","AMBI",2
"2","ARU only","BCNH",4
"3","ARU only","BLTE",3
"4","ARU only","COGA",1
"5","ARU only","KIRA",1
"6","ARU only","LBHE",1
"7","ARU only","LEBI",1
"8","ARU only","PBGR",1
"9","ARU only","VIRA",1
"10","ARU only","YCNH",3
"11","ARU only","YHBL",3
"12","historic only","AMBI",6
"13","historic only","AMCO",5
"14","historic only","BCNH",4
"15","historic only","BWTE",5
"16","historic only","COGA",5
"17","historic only","KIRA",7
"18","historic only","LBHE",1
"19","historic only","LEBI",4
"20","historic only","MAWR",1
"21","historic only","PBGR",2
"22","historic only","SORA",1
"23","historic only","VIRA",4
"24","historic only","YHBL",1
